Date,Visitors
2023-01-01,1360
2023-01-02,1794
2023-01-03,1630
2023-01-04,1595
2023-01-05,2138
2023-01-06,2669
2023-01-07,966
2023-01-08,1738
2023-01-09,830
2023-01-10,1982
2023-01-11,2635
2023-01-12,630
2023-01-13,2185
2023-01-14,1269
2023-01-15,2891
2023-01-16,2015
2023-01-17,2933
2023-01-18,1715
2023-01-19,1455
2023-01-20,2824
2023-01-21,1684
2023-01-22,959
2023-01-23,521
2023-01-24,2800
2023-01-25,1247
2023-01-26,974
2023-01-27,1582
2023-01-28,2547
2023-01-29,1475
2023-01-30,2306
2023-01-31,689
2023-02-01,1062
2023-02-02,2399
2023-02-03,1767
2023-02-04,2028
2023-02-05,1146
2023-02-06,2568
2023-02-07,2714
2023-02-08,1797
2023-02-09,2935
2023-02-10,1100
2023-02-11,2863
2023-02-12,2561
2023-02-13,741
2023-02-14,2541
2023-02-15,1863
2023-02-16,2639
2023-02-17,1890
2023-02-18,1978
2023-02-19,1275
2023-02-20,534
2023-02-21,2753
2023-02-22,2455
2023-02-23,2085
2023-02-24,1521
2023-02-25,1629
2023-02-26,2000
2023-02-27,1202
2023-02-28,2949
2023-03-01,2079
2023-03-02,661
2023-03-03,701
2023-03-04,2481
2023-03-05,1495
2023-03-06,2817
2023-03-07,1315
2023-03-08,955
2023-03-09,1775
2023-03-10,1516
2023-03-11,2843
2023-03-12,837
2023-03-13,1378
2023-03-14,1576
2023-03-15,1291
2023-03-16,2764
2023-03-17,1263
2023-03-18,2735
2023-03-19,879
2023-03-20,992
2023-03-21,1680
2023-03-22,2562
2023-03-23,564
2023-03-24,1867
2023-03-25,1652
2023-03-26,2527
2023-03-27,1995
2023-03-28,1662
2023-03-29,2022
2023-03-30,891
2023-03-31,2198
2023-04-01,918
2023-04-02,2836
2023-04-03,878
2023-04-04,2296
2023-04-05,2778
2023-04-06,2588
2023-04-07,2682
2023-04-08,700
2023-04-09,2363
2023-04-10,1279
